day,bundler,userops
2023-07-22 00:00:00.000 UTC,StackUp,4
2023-08-12 00:00:00.000 UTC,0x01a44a584ef4d0ff6b882098a4135bddcc96a28a,1
2023-08-24 00:00:00.000 UTC,0x01a44a584ef4d0ff6b882098a4135bddcc96a28a,1
2023-08-06 00:00:00.000 UTC,StackUp,23
2023-07-11 00:00:00.000 UTC,StackUp,37
2023-08-25 00:00:00.000 UTC,0x00bad13fa32e0000e35b8517e19986b93f000034,1
2023-07-29 00:00:00.000 UTC,Alchemy,2
2023-07-14 00:00:00.000 UTC,StackUp,23
2023-08-25 00:00:00.000 UTC,0x01a44a584ef4d0ff6b882098a4135bddcc96a28a,9
2023-06-27 00:00:00.000 UTC,0x2c929c7e5bb90ffa05c1d156ab6864523597b1be,5
2023-08-02 00:00:00.000 UTC,StackUp,53
2023-07-26 00:00:00.000 UTC,0x01a44a584ef4d0ff6b882098a4135bddcc96a28a,4
2023-07-14 00:00:00.000 UTC,Biconomy,2
2023-08-23 00:00:00.000 UTC,StackUp,7
2023-07-06 00:00:00.000 UTC,0x4015246a82d1d1e3c66ffbad7f7e864224b2c236,9
2023-07-29 00:00:00.000 UTC,StackUp,3
2023-08-21 00:00:00.000 UTC,0x4015246a82d1d1e3c66ffbad7f7e864224b2c236,3
2023-08-15 00:00:00.000 UTC,0x01a44a584ef4d0ff6b882098a4135bddcc96a28a,6
2023-05-20 00:00:00.000 UTC,0xcd87158ea795d9b9a742328aeac1d9ae474dd0d3,1
2023-08-20 00:00:00.000 UTC,0x01a44a584ef4d0ff6b882098a4135bddcc96a28a,5
2023-06-13 00:00:00.000 UTC,StackUp,2
2023-06-21 00:00:00.000 UTC,Biconomy,1
2023-08-11 00:00:00.000 UTC,0x01a44a584ef4d0ff6b882098a4135bddcc96a28a,6
2023-07-19 00:00:00.000 UTC,StackUp,28
2023-08-03 00:00:00.000 UTC,0x01a44a584ef4d0ff6b882098a4135bddcc96a28a,1
2023-06-21 00:00:00.000 UTC,StackUp,4
2023-06-26 00:00:00.000 UTC,StackUp,4
2023-06-29 00:00:00.000 UTC,StackUp,1
2023-07-14 00:00:00.000 UTC,0x4015246a82d1d1e3c66ffbad7f7e864224b2c236,4
2023-07-12 00:00:00.000 UTC,StackUp,241
2023-08-03 00:00:00.000 UTC,UniPass,1
2023-07-07 00:00:00.000 UTC,0x2e4621e682272680aeab78f48fc0099ced79e7d6,4
2023-08-01 00:00:00.000 UTC,StackUp,3
2023-05-19 00:00:00.000 UTC,StackUp,5
2023-07-25 00:00:00.000 UTC,StackUp,7
2023-07-04 00:00:00.000 UTC,StackUp,1
2023-08-19 00:00:00.000 UTC,0x2e4621e682272680aeab78f48fc0099ced79e7d6,8
2023-07-20 00:00:00.000 UTC,StackUp,10
2023-07-21 00:00:00.000 UTC,0x01a44a584ef4d0ff6b882098a4135bddcc96a28a,22
2023-08-22 00:00:00.000 UTC,0x01a44a584ef4d0ff6b882098a4135bddcc96a28a,27
2023-06-23 00:00:00.000 UTC,StackUp,1
2023-07-24 00:00:00.000 UTC,StackUp,7
2023-07-30 00:00:00.000 UTC,0x01a44a584ef4d0ff6b882098a4135bddcc96a28a,1
2023-08-04 00:00:00.000 UTC,0x01a44a584ef4d0ff6b882098a4135bddcc96a28a,10
2023-07-06 00:00:00.000 UTC,StackUp,10
2023-08-17 00:00:00.000 UTC,StackUp,31
2023-08-09 00:00:00.000 UTC,StackUp,10
2023-06-14 00:00:00.000 UTC,0x2c929c7e5bb90ffa05c1d156ab6864523597b1be,9
2023-06-15 00:00:00.000 UTC,StackUp,1
2023-07-27 00:00:00.000 UTC,0x01a44a584ef4d0ff6b882098a4135bddcc96a28a,6
2023-07-27 00:00:00.000 UTC,StackUp,3
2023-06-02 00:00:00.000 UTC,StackUp,3
2023-06-25 00:00:00.000 UTC,UniPass,2
2023-07-04 00:00:00.000 UTC,0x4015246a82d1d1e3c66ffbad7f7e864224b2c236,1
2023-08-21 00:00:00.000 UTC,0x00bad13fa32e0000e35b8517e19986b93f000034,1
2023-07-11 00:00:00.000 UTC,0x2e4621e682272680aeab78f48fc0099ced79e7d6,22
2023-07-09 00:00:00.000 UTC,StackUp,137
2023-06-01 00:00:00.000 UTC,0xcd87158ea795d9b9a742328aeac1d9ae474dd0d3,3
2023-08-14 00:00:00.000 UTC,0x01a44a584ef4d0ff6b882098a4135bddcc96a28a,3
2023-07-30 00:00:00.000 UTC,StackUp,6
2023-08-20 00:00:00.000 UTC,StackUp,31
2023-06-26 00:00:00.000 UTC,UniPass,5
2023-07-07 00:00:00.000 UTC,StackUp,8
2023-07-17 00:00:00.000 UTC,StackUp,8
2023-08-07 00:00:00.000 UTC,StackUp,23
2023-07-22 00:00:00.000 UTC,0x01a44a584ef4d0ff6b882098a4135bddcc96a28a,5
2023-06-30 00:00:00.000 UTC,StackUp,2
2023-06-13 00:00:00.000 UTC,0x2c929c7e5bb90ffa05c1d156ab6864523597b1be,6
2023-07-25 00:00:00.000 UTC,0x01a44a584ef4d0ff6b882098a4135bddcc96a28a,18
2023-07-28 00:00:00.000 UTC,StackUp,5
2023-06-22 00:00:00.000 UTC,StackUp,1
2023-08-10 00:00:00.000 UTC,0x9a68c3b432ec182a53888b9cba8de2a631abf3ee,1
2023-08-16 00:00:00.000 UTC,StackUp,7
2023-07-18 00:00:00.000 UTC,StackUp,14
2023-08-08 00:00:00.000 UTC,0x01a44a584ef4d0ff6b882098a4135bddcc96a28a,1
2023-07-15 00:00:00.000 UTC,StackUp,16
2023-08-19 00:00:00.000 UTC,StackUp,18
2023-07-05 00:00:00.000 UTC,StackUp,1
2023-08-10 00:00:00.000 UTC,StackUp,28
2023-08-24 00:00:00.000 UTC,StackUp,10
2023-05-29 00:00:00.000 UTC,Biconomy,1
2023-05-17 00:00:00.000 UTC,StackUp,1
2023-08-08 00:00:00.000 UTC,StackUp,14
2023-07-10 00:00:00.000 UTC,0x01a44a584ef4d0ff6b882098a4135bddcc96a28a,1
2023-07-23 00:00:00.000 UTC,StackUp,4
2023-08-25 00:00:00.000 UTC,0x2e4621e682272680aeab78f48fc0099ced79e7d6,1
2023-08-21 00:00:00.000 UTC,StackUp,11
2023-07-31 00:00:00.000 UTC,StackUp,3
2023-06-19 00:00:00.000 UTC,StackUp,12
2023-07-10 00:00:00.000 UTC,StackUp,148
2023-06-16 00:00:00.000 UTC,Alchemy,8
2023-07-24 00:00:00.000 UTC,0x01a44a584ef4d0ff6b882098a4135bddcc96a28a,16
2023-08-22 00:00:00.000 UTC,StackUp,78
2023-07-13 00:00:00.000 UTC,StackUp,301
2023-08-05 00:00:00.000 UTC,StackUp,16
2023-08-01 00:00:00.000 UTC,Biconomy,1
2023-07-08 00:00:00.000 UTC,0x2e4621e682272680aeab78f48fc0099ced79e7d6,18
2023-06-16 00:00:00.000 UTC,0x2c929c7e5bb90ffa05c1d156ab6864523597b1be,1
2023-07-16 00:00:00.000 UTC,StackUp,5
2023-07-26 00:00:00.000 UTC,StackUp,3
2023-05-28 00:00:00.000 UTC,StackUp,1
2023-08-11 00:00:00.000 UTC,StackUp,17
2023-08-22 00:00:00.000 UTC,0x4015246a82d1d1e3c66ffbad7f7e864224b2c236,4
2023-08-18 00:00:00.000 UTC,StackUp,28
2023-05-25 00:00:00.000 UTC,0xcd87158ea795d9b9a742328aeac1d9ae474dd0d3,2
2023-07-07 00:00:00.000 UTC,0x01a44a584ef4d0ff6b882098a4135bddcc96a28a,12
2023-06-14 00:00:00.000 UTC,Alchemy,3
2023-07-15 00:00:00.000 UTC,Biconomy,2
2023-08-11 00:00:00.000 UTC,0x2c929c7e5bb90ffa05c1d156ab6864523597b1be,1
2023-05-24 00:00:00.000 UTC,0xcd87158ea795d9b9a742328aeac1d9ae474dd0d3,3
2023-07-09 00:00:00.000 UTC,0x2e4621e682272680aeab78f48fc0099ced79e7d6,9
2023-07-07 00:00:00.000 UTC,0x4015246a82d1d1e3c66ffbad7f7e864224b2c236,14
2023-08-18 00:00:00.000 UTC,0x2e4621e682272680aeab78f48fc0099ced79e7d6,11
2023-08-01 00:00:00.000 UTC,0x2e4621e682272680aeab78f48fc0099ced79e7d6,1
2023-08-03 00:00:00.000 UTC,StackUp,3
2023-08-24 00:00:00.000 UTC,0x4015246a82d1d1e3c66ffbad7f7e864224b2c236,8
2023-06-02 00:00:00.000 UTC,0xcd87158ea795d9b9a742328aeac1d9ae474dd0d3,3
2023-07-23 00:00:00.000 UTC,0x01a44a584ef4d0ff6b882098a4135bddcc96a28a,3
2023-07-21 00:00:00.000 UTC,StackUp,7
2023-05-25 00:00:00.000 UTC,StackUp,3
2023-07-26 00:00:00.000 UTC,0x9a68c3b432ec182a53888b9cba8de2a631abf3ee,3
2023-07-29 00:00:00.000 UTC,Biconomy,2
2023-08-04 00:00:00.000 UTC,Alchemy,6
2023-08-15 00:00:00.000 UTC,StackUp,8
2023-05-26 00:00:00.000 UTC,StackUp,2
2023-05-18 00:00:00.000 UTC,StackUp,4
2023-08-13 00:00:00.000 UTC,StackUp,16
2023-08-18 00:00:00.000 UTC,0x01a44a584ef4d0ff6b882098a4135bddcc96a28a,2
2023-07-12 00:00:00.000 UTC,Alchemy,4
2023-07-05 00:00:00.000 UTC,0x4015246a82d1d1e3c66ffbad7f7e864224b2c236,2
2023-07-02 00:00:00.000 UTC,UniPass,1
2023-08-04 00:00:00.000 UTC,0x2e4621e682272680aeab78f48fc0099ced79e7d6,3
2023-07-24 00:00:00.000 UTC,0x4015246a82d1d1e3c66ffbad7f7e864224b2c236,1
2023-08-02 00:00:00.000 UTC,0x01a44a584ef4d0ff6b882098a4135bddcc96a28a,1
2023-06-05 00:00:00.000 UTC,0x13284299074631de638be076a5aaf73b1d471afd,6
2023-06-20 00:00:00.000 UTC,StackUp,1
2023-08-14 00:00:00.000 UTC,StackUp,6
2023-06-05 00:00:00.000 UTC,StackUp,6
2023-06-03 00:00:00.000 UTC,StackUp,1
2023-08-12 00:00:00.000 UTC,StackUp,4
2023-07-21 00:00:00.000 UTC,0x4015246a82d1d1e3c66ffbad7f7e864224b2c236,1
2023-05-18 00:00:00.000 UTC,0xcd87158ea795d9b9a742328aeac1d9ae474dd0d3,10
2023-07-10 00:00:00.000 UTC,0x2e4621e682272680aeab78f48fc0099ced79e7d6,53
2023-07-28 00:00:00.000 UTC,0x01a44a584ef4d0ff6b882098a4135bddcc96a28a,9
2023-07-08 00:00:00.000 UTC,StackUp,17
2023-08-04 00:00:00.000 UTC,StackUp,1
2023-05-20 00:00:00.000 UTC,StackUp,1
2023-08-23 00:00:00.000 UTC,0x2e4621e682272680aeab78f48fc0099ced79e7d6,1
2023-08-15 00:00:00.000 UTC,Biconomy,1
2023-08-22 00:00:00.000 UTC,0x00bad13fa32e0000e35b8517e19986b93f000034,34
2023-08-20 00:00:00.000 UTC,0x00bad13fa32e0000e35b8517e19986b93f000034,2
2023-08-22 00:00:00.000 UTC,0xb41dc9e66f201c4e8c6bfc3ac36e6cfc43d4c081,10